smiles,activity
OC(Cn1cncn1)(Cn1cncn1)c1ccc(F)cc1F,1
COC(=O)CC[C@@H](C)[C@H]1CC[C@H]2[C@@H]3CC[C@@H]4C[C@](O)(CN)CC[C@]4(C)[C@H]3C[C@H](O)[C@@]21C,0
COC(=O)CC[C@@H](C)[C@H]1CC[C@H]2[C@H]3[C@H](C[C@H](O)[C@@]21C)[C@@]1(C)CC[C@@](O)(CN)C[C@H]1C[C@H]3O,0
COC1OC(c2ccccc2)=Cc2nc3ccccc3cc21,0
CCOC1OC(c2ccccc2)=Cc2nc3ccccc3cc21,0
CCCCCCC(=O)Nc1cccc(-c2cnc(N)[nH]2)c1.Cl,0
Cl.Nc1ncc(-c2ccc(NC(=O)c3cc(F)cc(F)c3)cc2)[nH]1,0
CCCCCCC(=O)Nc1ccc(-c2cnc(N)[nH]2)cc1.Cl,0
CO[C@H]1[C@H](O[C@@H]2O[C@@H](C)[C@H](O)[C@@H](O)[C@H]2OC)c2c(cc3c(c2O)C(=O)c2c(O)cccc2C3=O)C(=O)[C@@]1(C)O,0
Nc1nc2c([nH]1)c1c(c3[nH]c(N)nc32)[C@H](CNC(=O)c2cc(Br)c(Br)[nH]2)[C@H]1CNC(=O)c1cc(Br)c(Br)[nH]1,0
CN[C@@H]1C[C@H](c2c(O)c3c(c4c(O)cc(C)cc24)C(=O)c2cccc(O)c2C3=O)O[C@H](C)[C@@H]1CO,1
Nc1nc(CCCNC(=O)c2cc(Br)c(Br)n2-c2ccc(Br)cc2)c[nH]1,0
Nc1nc(CCCNC(=O)c2cc(Br)c(Br)n2CCc2ccccc2)c[nH]1,0
CCOC(=O)/C=C\[C@@]1(C)[C@H](C(=O)O)N2C(=O)C[C@H]2S1(=O)=O,0
C[C@]1(/C=C/C[n+]2ccccc2)[C@H](C(=O)O)N2C(=O)C[C@H]2S1(=O)=O.O=S(=O)([O-])C(F)(F)F,0
CC(=O)/C=C\[C@@]1(C)[C@H](C(=O)O)N2C(=O)C[C@H]2S1(=O)=O,0
CC(=O)NC[C@H]1CN(c2ccc(N3CCOCC3)c(F)c2)C(=O)O1,0
C[C@@H](O)[C@H]1C(=O)N2C(C(=O)O)=C(S[C@@H]3CN[C@H](C(=O)N(C)C)C3)[C@H](C)[C@H]12,1
O=C(N[C@H](CO)[C@H](O)c1ccc([N+](=O)[O-])cc1)C(Cl)Cl,0
Cn1c(-c2ccc(Cl)cc2)cnc1N,0
Cc1ccc(-n2sc3ccccc3c2=O)cc1,0
NC[C@H]1O[C@H](O[C@@H]2[C@@H](N)C[C@@H](N)[C@H](O[C@H]3O[C@H](CO)[C@@H](O)[C@H](N)[C@H]3O)[C@H]2O)[C@H](O)[C@@H](O)[C@@H]1O,0
Cn1c(-c2ccccc2)cnc1N,0
CC(C)(S)[C@@H](N)C(=O)O,0
CN(C)[C@@H]1C(O)=C(C(N)=O)C(=O)[C@@]2(O)C(O)=C3C(=O)c4c(O)cccc4[C@@](C)(O)[C@H]3C[C@@H]12,1
C[C@@H](O)[C@H]1C(=O)N2C(C(=O)O)=C(SCCNC=N)C[C@H]12,1
O=C(O)[C@@H]1CSC(c2ccccc2)N1,0
Nc1ncc(-c2ccc(-c3ccccc3)cc2)n1C1CCCC1,0
Nc1ncc(-c2ccccc2)[nH]1,0
Nc1ncc(-c2ccc(F)cc2)[nH]1,0
Nc1ncc(-c2ccc(Cl)cc2)[nH]1,1
Nc1ncc(-c2ccc(Br)cc2)[nH]1,1
Nc1ncc(-c2ccc([N+](=O)[O-])cc2)[nH]1,0
CS(=O)(=O)c1ccc(-c2cnc(N)[nH]2)cc1,0
COc1ccc(-c2cnc(N)[nH]2)cc1,0
Cc1ccc(-c2cnc(N)[nH]2)cc1,0
Nc1nc(-c2ccc(-c3ccccc3)cc2)c[nH]1,0
CCn1c(-c2ccccc2)cnc1N,0
CC(C)n1c(-c2ccccc2)cnc1N,1
CCCCn1c(-c2ccccc2)cnc1N,1
CCCCCn1c(-c2ccccc2)cnc1N,1
CCCCCCn1c(-c2ccccc2)cnc1N,0
CCCCCCCn1c(-c2ccccc2)cnc1N,0
CCCCCCCCn1c(-c2ccccc2)cnc1N,0
CCCCCCCCCn1c(-c2ccccc2)cnc1N,0
CCCCCCCCCCn1c(-c2ccccc2)cnc1N,0
CCCCCCCCCCCn1c(-c2ccccc2)cnc1N,0
CCCCCCCCCCCCn1c(-c2ccccc2)cnc1N,0
CCCCCCCCCCCCCn1c(-c2ccccc2)cnc1N,0
CCCCCCCCCCCCCCn1c(-c2ccccc2)cnc1N,0
CCn1c(-c2ccc(Cl)cc2)cnc1N,0
CCCCn1c(-c2ccc(Cl)cc2)cnc1N,0
CCCCCn1c(-c2ccc(Cl)cc2)cnc1N,0
CCCCCCn1c(-c2ccc(Cl)cc2)cnc1N,0
CCCCCCCn1c(-c2ccc(Cl)cc2)cnc1N,1
CCCCCCCCn1c(-c2ccc(Cl)cc2)cnc1N,1
CCCCCCCCCn1c(-c2ccc(Cl)cc2)cnc1N,0
CCCCCCCCCCn1c(-c2ccc(Cl)cc2)cnc1N,0
CCCCCCCCCCCn1c(-c2ccc(Cl)cc2)cnc1N,0
CCCCCCCCCCCCn1c(-c2ccc(Cl)cc2)cnc1N,0
CCCCCCCCCCCCCn1c(-c2ccc(Cl)cc2)cnc1N,0
CCCCCCCCCCCCCCn1c(-c2ccc(Cl)cc2)cnc1N,0
CCn1c(-c2ccc(-c3ccccc3)cc2)cnc1N,0
CCCCn1c(-c2ccc(-c3ccccc3)cc2)cnc1N,0
CCCCCn1c(-c2ccc(-c3ccccc3)cc2)cnc1N,0
CCCCCCn1c(-c2ccc(-c3ccccc3)cc2)cnc1N,0
CCCCCCCn1c(-c2ccc(-c3ccccc3)cc2)cnc1N,0
CCCCCCCCn1c(-c2ccc(-c3ccccc3)cc2)cnc1N,0
CCCCCCCCCn1c(-c2ccc(-c3ccccc3)cc2)cnc1N,0
CCCCCCCCCCn1c(-c2ccc(-c3ccccc3)cc2)cnc1N,0
CCCCCCCCCCCn1c(-c2ccc(-c3ccccc3)cc2)cnc1N,0
CCCCCCCCCCCCn1c(-c2ccc(-c3ccccc3)cc2)cnc1N,0
CCCCCCCCCCCCCn1c(-c2ccc(-c3ccccc3)cc2)cnc1N,0
CCCCCCCCCCCCCCn1c(-c2ccc(-c3ccccc3)cc2)cnc1N,0
CCn1c(-c2ccc(F)cc2)cnc1N,0
CCCCn1c(-c2ccc(F)cc2)cnc1N,0
CCn1c(-c2ccc(Br)cc2)cnc1N,0
CCCCn1c(-c2ccc(Br)cc2)cnc1N,0
Cn1c(-c2ccc([N+](=O)[O-])cc2)cnc1N,0
CCn1c(-c2ccc([N+](=O)[O-])cc2)cnc1N,0
CC(C)n1c(-c2ccc([N+](=O)[O-])cc2)cnc1N,0
CCCCn1c(-c2ccc([N+](=O)[O-])cc2)cnc1N,0
Cc1ccc(-c2cnc(N)n2C)cc1,0
Cc1ccc(-c2cnc(N)n2C(C)C)cc1,0
Cn1c(-c2ccc(C#N)cc2)cnc1N,0
CCCCCCCCn1c(-c2ccc(F)cc2)cnc1N,1
CCCCCCCCn1c(-c2ccc(S(C)(=O)=O)cc2)cnc1N,1
CCCCCCCCn1c(-c2ccc(OC)cc2)cnc1N,1
CCCCCCCCn1c(-c2ccc(SC)cc2)cnc1N,1
CCCCCCCCn1c(-c2cccc(Br)c2)cnc1N,0
CCCCCCCCn1c(-c2ccc(-c3ccc([N+](=O)[O-])cc3)cc2)cnc1N,0
CCCCCCCCn1c(-c2ccc(-c3ccc(-c4ccccc4)cc3)cc2)cnc1N,0
CCCCCCCCn1c(-c2cccc3ccccc23)cnc1N,0
Nc1ncc(-c2ccccc2)n1C1CC1,0
Nc1ncc(-c2ccccc2)n1C1CCC1,0
Nc1ncc(-c2ccccc2)n1C1CCCC1,0
Nc1ncc(-c2ccccc2)n1C1CCCCC1,1
Nc1ncc(-c2ccccc2)n1C1CCCCCC1,0
Nc1ncc(-c2ccccc2)n1C1CCCCCCC1,1
Nc1ncc(-c2ccccc2)n1C1CCCCCCCCCCC1,0
Nc1ncc(-c2ccc(Cl)cc2)n1C1CC1,0
Nc1ncc(-c2ccc(Cl)cc2)n1C1CCC1,0
Nc1ncc(-c2ccc(Cl)cc2)n1C1CCCCC1,0
Nc1ncc(-c2ccc(Cl)cc2)n1C1CCCCCC1,1
Nc1ncc(-c2ccc(Cl)cc2)n1C1CCCCCCC1,0
Nc1ncc(-c2ccc(Cl)cc2)n1C1CCCCCCCCCCC1,0
Nc1ncc(-c2ccc(-c3ccccc3)cc2)n1C1CCC1,0
Nc1ncc(-c2ccc(-c3ccccc3)cc2)n1C1CCCCC1,0
Nc1ncc(-c2ccc(-c3ccccc3)cc2)n1C1CCCCCC1,0
Nc1ncc(-c2ccc(-c3ccccc3)cc2)n1C1CCCCCCC1,1
Nc1ncc(-c2ccc(-c3ccccc3)cc2)n1C1CCCCCCCCCCC1,0
Nc1nc(-c2ccccc2)c(-c2ccccc2)n1C1CCCCC1,1
Cc1ccc(-c2nc(N)n(-c3ccccc3)c2-c2ccc(Cl)cc2)cc1,0
Nc1ncc(-c2ccccc2)n1Cc1ccccc1,0
Nc1ncc(-c2ccc(F)cc2)n1Cc1ccccc1,0
Nc1ncc(-c2ccc(Cl)cc2)n1Cc1ccccc1,0
Nc1ncc(-c2ccc(Br)cc2)n1Cc1ccccc1,0
COc1ccc(Cn2c(-c3ccccc3)cnc2N)cc1OC,0
COc1ccc(CCn2c(-c3ccccc3)cnc2N)cc1OC,0
Nc1ncc(-c2ccccc2)n1Cc1ccc2c(c1)OCO2,0
C[n+]1c(-c2cccc([N+](=O)[O-])c2)cn2cccnc21.[O-][Cl+3]([O-])([O-])[O-],0
CC[n+]1c(-c2ccc([N+](=O)[O-])cc2)cn2cccnc21.[O-][Cl+3]([O-])([O-])[O-],0
CC(C)[n+]1c(-c2ccc([N+](=O)[O-])cc2)cn2cccnc21.[O-][Cl+3]([O-])([O-])[O-],0
CCCC[n+]1c(-c2ccc([N+](=O)[O-])cc2)cn2cccnc21.[O-][Cl+3]([O-])([O-])[O-],0
CC(C)C[n+]1c(-c2ccc([N+](=O)[O-])cc2)cn2cccnc21.[O-][Cl+3]([O-])([O-])[O-],0
CCCCCCCC[n+]1c(-c2ccc([N+](=O)[O-])cc2)cn2cccnc21.[O-][Cl+3]([O-])([O-])[O-],0
O=[N+]([O-])c1ccc(-c2cn3cccnc3[n+]2C2CCCCC2)cc1.[O-][Cl+3]([O-])([O-])[O-],0
O=[N+]([O-])c1ccc(-c2cn3cccnc3[n+]2C2CCCCCCCCCCC2)cc1.[O-][Cl+3]([O-])([O-])[O-],0
O=[N+]([O-])c1ccc(-c2cn3cccnc3[n+]2Cc2ccccc2)cc1.[O-][Cl+3]([O-])([O-])[O-],0
CCCCCCCC[n+]1c(-c2ccc(OC)cc2)cn2cccnc21.[O-][Cl+3]([O-])([O-])[O-],0
CCCCCCCC[n+]1c(-c2ccc(F)cc2)cn2cccnc21.[O-][Cl+3]([O-])([O-])[O-],0
CCCCCCCC[n+]1c(-c2ccc(F)c(F)c2)cn2cccnc21.[O-][Cl+3]([O-])([O-])[O-],0
CCCCCCCC[n+]1c(-c2cccc(Br)c2)cn2cccnc21.[O-][Cl+3]([O-])([O-])[O-],0
CCCCCCCC[n+]1c(-c2cccc3ccccc23)cn2cccnc21.[O-][Cl+3]([O-])([O-])[O-],0
CCCCCCCC[n+]1c(-c2ccc(-c3ccc([N+](=O)[O-])cc3)cc2)cn2cccnc21.[O-][Cl+3]([O-])([O-])[O-],1
CCCCCCCC[n+]1c(-c2ccc(S(C)(=O)=O)cc2)cn2cccnc21.[O-][Cl+3]([O-])([O-])[O-],0
CCCCCCCC[n+]1c(-c2ccc(SC)cc2)cn2cccnc21.[O-][Cl+3]([O-])([O-])[O-],0
CC(C)[C@@H]1CC[C@@H](C)C[C@H]1OC(=O)N(CCCCCCc1cn(CCCCCc2c[nH]c(N)n2)nn1)CCc1ccccn1.Cl,0
CC(C)[C@@H]1CC[C@@H](C)C[C@H]1OC(=O)N(CCCCCCc1cn(CCCCCCc2c[nH]c(N)n2)nn1)CCc1ccccn1.Cl,0
CC(C)[C@@H]1CC[C@@H](C)C[C@H]1OC(=O)N(CCCCCCc1cn(CCCCCCCc2c[nH]c(N)n2)nn1)CCc1ccccn1.Cl,0
CC(C)[C@@H]1CC[C@@H](C)C[C@H]1OC(=O)NCCCCCc1c[nH]c(N)n1.Cl,0
CC(C)[C@@H]1CC[C@@H](C)C[C@H]1OC(=O)NCCCCCCc1c[nH]c(N)n1.Cl,0
CC(C)[C@@H]1CC[C@@H](C)C[C@H]1OC(=O)NCCn1cc(CCCCCc2c[nH]c(N)n2)nn1.Cl,0
CC(C)[C@@H]1CC[C@@H](C)C[C@H]1OC(=O)NCCCn1cc(CCCCCc2c[nH]c(N)n2)nn1.Cl,0
CC(=O)NCCCCCCc1cn(CCCCCc2c[nH]c(N)n2)nn1.Cl,0
COc1ccccc1-n1sc2ccccc2c1=O,0
CC(=O)c1c(O)cc(C)oc1=O,0
CO/N=C(\C(=O)N[C@@H]1C(=O)N2C(C(=O)O)=C(COC(C)=O)CS[C@H]12)c1csc(N)n1,1
CC1(C)S[C@@H]2[C@H](NC(=O)[C@H](N)c3ccccc3)C(=O)N2[C@H]1C(=O)O,1
NC[C@H]1O[C@H](O[C@@H]2[C@@H](N)C[C@@H](N)[C@H](O[C@H]3O[C@H](CO)[C@@H](O)[C@H](N)[C@H]3O)[C@H]2O)[C@H](N)[C@@H](O)[C@@H]1O,0
CCCNc1ncc(-c2ccc(Cl)c(Cl)c2)[nH]1,0
CC(C)Nc1ncc(-c2ccccc2)[nH]1,0
CN1c2nccc[n+]2C[C@@]1(O)c1ccccc1.[Br-],0
CC(C)N1c2nccc[n+]2C[C@@]1(O)c1ccccc1.[Br-],0
CCCCN1c2nccc[n+]2C[C@@]1(O)c1ccccc1.[Br-],0
CC(C)CN1c2nccc[n+]2C[C@@]1(O)c1ccccc1.[Br-],0
CCCCCN1c2nccc[n+]2C[C@@]1(O)c1ccccc1.[Br-],0
CCCCCCN1c2nccc[n+]2C[C@@]1(O)c1ccccc1.[Br-],0
CCCCCCCN1c2nccc[n+]2C[C@@]1(O)c1ccccc1.[Br-],0
CCCCCCCCN1c2nccc[n+]2C[C@@]1(O)c1ccccc1.[Br-],0
CCCCCCCCCN1c2nccc[n+]2C[C@@]1(O)c1ccccc1.[Br-],0
CCCCCCCCCCN1c2nccc[n+]2C[C@@]1(O)c1ccccc1.[Br-],0
CCCCCCCCCCCN1c2nccc[n+]2C[C@@]1(O)c1ccccc1.[Br-],0
CCCCCCCCCCCCN1c2nccc[n+]2C[C@@]1(O)c1ccccc1.[Br-],0
CCCCCCCCCCCCCN1c2nccc[n+]2C[C@@]1(O)c1ccccc1.[Br-],0
CCCCCCCCCCCCCCN1c2nccc[n+]2C[C@@]1(O)c1ccccc1.[Br-],0
CN1c2nccc[n+]2C[C@@]1(O)c1ccc(Cl)cc1.[Br-],0
CCCCN1c2nccc[n+]2C[C@@]1(O)c1ccc(Cl)cc1.[Br-],0
CC(C)CN1c2nccc[n+]2C[C@@]1(O)c1ccc(Cl)cc1.[Br-],0
CCCCCN1c2nccc[n+]2C[C@@]1(O)c1ccc(Cl)cc1.[Br-],0
CCCCCCN1c2nccc[n+]2C[C@@]1(O)c1ccc(Cl)cc1.[Br-],0
CCCCCCCN1c2nccc[n+]2C[C@@]1(O)c1ccc(Cl)cc1.[Br-],0
CCCCCCCCN1c2nccc[n+]2C[C@@]1(O)c1ccc(Cl)cc1.[Br-],0
CCCCCCCCCN1c2nccc[n+]2C[C@@]1(O)c1ccc(Cl)cc1.[Br-],0
CCCCCCCCCCN1c2nccc[n+]2C[C@@]1(O)c1ccc(Cl)cc1.[Br-],0
CCCCCCCCCCCN1c2nccc[n+]2C[C@@]1(O)c1ccc(Cl)cc1.[Br-],0
CCCCCCCCCCCCN1c2nccc[n+]2C[C@@]1(O)c1ccc(Cl)cc1.[Br-],0
CCCCCCCCCCCCCN1c2nccc[n+]2C[C@@]1(O)c1ccc(Cl)cc1.[Br-],0
CCCCCCCCCCCCCCN1c2nccc[n+]2C[C@@]1(O)c1ccc(Cl)cc1.[Br-],0
CN1c2nccc[n+]2C[C@@]1(O)c1ccc([N+](=O)[O-])cc1.[Br-],0
CCN1c2nccc[n+]2C[C@@]1(O)c1ccc([N+](=O)[O-])cc1.[Br-],0
CC(C)N1c2nccc[n+]2C[C@@]1(O)c1ccc([N+](=O)[O-])cc1.[Br-],0
CCCCN1c2nccc[n+]2C[C@@]1(O)c1ccc([N+](=O)[O-])cc1.[Br-],0
CC(C)CN1c2nccc[n+]2C[C@@]1(O)c1ccc([N+](=O)[O-])cc1.[Br-],0
CC(C)(C)N1c2nccc[n+]2C[C@@]1(O)c1ccc([N+](=O)[O-])cc1.[Br-],0
CCCCCCN1c2nccc[n+]2C[C@@]1(O)c1ccc([N+](=O)[O-])cc1.[Br-],0
CCCCCCCCN1c2nccc[n+]2C[C@@]1(O)c1ccc([N+](=O)[O-])cc1.[Br-],0
CCCCCCCCCCN1c2nccc[n+]2C[C@@]1(O)c1ccc([N+](=O)[O-])cc1.[Br-],0
CC(C)CN1c2nccc[n+]2C[C@@]1(O)c1ccc(Br)cc1.[Br-],0
CCCCCN1c2nccc[n+]2C[C@@]1(O)c1ccc(Br)cc1.[Br-],1
CCCCCCCCN1c2nccc[n+]2C[C@@]1(O)c1ccc(SC)cc1.[Br-],0
CCCCCCCCN1c2nccc[n+]2C[C@@]1(O)c1cccc2ccccc12.[Br-],0
CCCCCCCCN1c2nccc[n+]2C[C@@]1(O)c1ccc(-c2ccc([N+](=O)[O-])cc2)cc1.[Br-],0
CCCCCCCCN1c2nccc[n+]2C[C@@]1(O)c1ccc(S(C)(=O)=O)cc1.[Br-],0
CCCCCCCCN1c2nccc[n+]2C[C@@]1(O)c1ccc(-c2ccc(-c3ccccc3)cc2)cc1.[Br-],0
CCCCCCCCN1c2nccc[n+]2C[C@@]1(O)c1ccc(Br)cc1.[Br-],0
O[C@@]1(c2ccccc2)C[n+]2cccnc2N1C1CCC1.[Br-],0
O[C@@]1(c2ccccc2)C[n+]2cccnc2N1C1CCCCC1.[Br-],0
O[C@@]1(c2ccccc2)C[n+]2cccnc2N1C1CCCCCC1.[Br-],0
O[C@@]1(c2ccccc2)C[n+]2cccnc2N1C1CCCCCCC1.[Br-],0
O[C@@]1(c2ccc(Cl)cc2)C[n+]2cccnc2N1C1CC1.[Br-],0
O[C@@]1(c2ccc(Cl)cc2)C[n+]2cccnc2N1C1CCC1.[Br-],0
O[C@@]1(c2ccc(Cl)cc2)C[n+]2cccnc2N1C1CCCC1.[Br-],0
O[C@@]1(c2ccc(Cl)cc2)C[n+]2cccnc2N1C1CCCCC1.[Br-],0
O[C@@]1(c2ccc(Cl)cc2)C[n+]2cccnc2N1C1CCCCCC1.[Br-],0
O[C@@]1(c2ccc(Cl)cc2)C[n+]2cccnc2N1C1CCCCCCC1.[Br-],0
O[C@@]1(c2ccc(Cl)cc2)C[n+]2cccnc2N1C1CCCCCCCCCCC1.[Br-],0
O=[N+]([O-])c1ccc([C@]2(O)C[n+]3cccnc3N2C2CC2)cc1.[Br-],0
O=[N+]([O-])c1ccc([C@]2(O)C[n+]3cccnc3N2C2CCCCCCCCCCC2)cc1.[Br-],0
O=[N+]([O-])c1ccc([C@]2(O)C[n+]3cccnc3N2C23CC4CC(CC(C4)C2)C3)cc1.[Br-],0
CCCCNc1ncc(-c2ccccc2)[nH]1,0
CC(C)CNc1ncc(-c2ccccc2)[nH]1,1
CC(C)CNc1ncc(-c2ccc(Cl)cc2)[nH]1,1
CCCCCNc1ncc(-c2ccc(Cl)cc2)[nH]1,0
CCCCCCCCNc1ncc(-c2ccc(Cl)cc2)[nH]1,1
CNc1ncc(-c2ccc([N+](=O)[O-])cc2)[nH]1,0
CCNc1ncc(-c2ccc([N+](=O)[O-])cc2)[nH]1,0
CCCCNc1ncc(-c2ccc([N+](=O)[O-])cc2)[nH]1,0
CC(C)CNc1ncc(-c2ccc([N+](=O)[O-])cc2)[nH]1,0
CCCCCCCCNc1ncc(-c2ccc([N+](=O)[O-])cc2)[nH]1,0
CNc1ncc(-c2ccc(F)cc2)[nH]1,0
CCCCNc1ncc(-c2ccc(F)cc2)[nH]1,0
CCCCCCNc1ncc(-c2ccc(F)cc2)[nH]1,0
CCCCCCCCNc1ncc(-c2ccc(F)cc2)[nH]1,1
CCCCNc1ncc(-c2ccc(Br)cc2)[nH]1,0
CC(C)CNc1ncc(-c2ccc(Br)cc2)[nH]1,1
CCCCCNc1ncc(-c2ccc(Br)cc2)[nH]1,0
CCCCCCCCNc1ncc(-c2ccc(Br)cc2)[nH]1,0
CCCCNc1ncc(-c2ccc(OC)cc2)[nH]1,0
CCCCCCCCNc1ncc(-c2ccc(OC)cc2)[nH]1,0
CCCCCNc1ncc(-c2ccc(Cl)c(Cl)c2)[nH]1,1
CCCCCCCCNc1ncc(-c2ccc(Cl)c(Cl)c2)[nH]1,0
CCCCCCCCNc1ncc(-c2cccc3ccccc23)[nH]1,0
CCCCCCCCNc1ncc(-c2ccc(S(C)(=O)=O)cc2)[nH]1,1
CCCCCCCCNc1ncc(-c2cccc(Br)c2)[nH]1,0
c1ccc(-c2cnc(NC3CCCC3)[nH]2)cc1,0
Clc1ccc(-c2cnc(NC3CCCC3)[nH]2)cc1,0
O=[N+]([O-])c1ccc(-c2cnc(NC3CCCC3)[nH]2)cc1,0
Brc1ccc(-c2cnc(NC3CCCC3)[nH]2)cc1,0
Clc1ccc(-c2cnc(NC3CCCC3)[nH]2)cc1Cl,0
Clc1ccc(-c2cnc(NC3CCCCC3)[nH]2)cc1,0
O=[N+]([O-])c1ccc(-c2cnc(NC3CCCCC3)[nH]2)cc1,0
O=[N+]([O-])c1cccc(-c2cnc(NC3CCCCC3)[nH]2)c1,1
COc1ccc(-c2cnc(NC3CCCCC3)[nH]2)cc1,0
CSc1ccc(-c2cnc(NC3CCCCC3)[nH]2)cc1,0
Clc1ccc(-c2cnc(NCc3ccccc3)[nH]2)cc1,0
COc1ccc(CNc2ncc(-c3ccc([N+](=O)[O-])cc3)[nH]2)cc1,0
COc1cccc(CNc2ncc(-c3ccc([N+](=O)[O-])cc3)[nH]2)c1,1
COc1cccc(CNc2ncc(-c3ccc(Cl)c(Cl)c3)[nH]2)c1,0
COc1cccc(CNc2ncc(-c3ccc(-c4ccc(-c5ccccc5)cc4)cc3)[nH]2)c1,0
Fc1ccc(-c2cnc(NCc3ccc4c(c3)OCO4)[nH]2)cc1,0
c1ccc2c(-c3cnc(NCc4ccc5c(c4)OCO5)[nH]3)cccc2c1,0
C=C[C@]1(C)C=C2C(=O)[C@@]3(O)OC(=O)[C@@]4(CCCC(C)(C)[C@H]34)[C@@]2(O)CC1,0
O=C([O-])C(F)(F)F.Oc1cc2c(cc1O)[C@@H]1c3ccc(O)c(O)c3C[C@H]3Cc4cc(O)c(O)cc4[N+]31CC2,0
O=c1c2ccccc2sn1CCn1sc2ccccc2c1=O,0
COc1c(Br)cc(/C=C/C(=O)NCCCNCCCCNCCCN)cc1Br,0
COc1c(Br)cc(/C=C/C(=O)NCCCNCCCCNCCCNC(=O)/C=C/c2cc(Br)c(OC)c(Br)c2)cc1Br,0
CC(C)(C)c1cc2c(OCC(=O)NCCN)c(c1)Cc1cc(C(C)(C)C)cc(c1OCC(=O)NCCN)Cc1cc(C(C)(C)C)cc(c1OCC(=O)NCCN)Cc1cc(C(C)(C)C)cc(c1OCC(=O)NCCN)C2,1
CC(C)(C)c1cc2c(OCCCCN)c(c1)Cc1cc(C(C)(C)C)cc(c1OCCCCNC(=N)N)Cc1cc(C(C)(C)C)cc(c1OCCCCNC(=N)N)Cc1cc(C(C)(C)C)cc(c1OCCCCNC(=N)N)C2,1
Cc1sc2c(=O)c3ccccc3c(=O)c=2n(C)c1O,0
CCOC(=O)CSC1=C(NCc2ccccc2)C(=O)c2ccccc2C1=O,0
CCCCCCCc1cc(O)c(CCCCCC)c(=O)o1,0
CN(C)CCNC(=O)COc1c2cc(C(C)(C)C)cc1Cc1cc(C(C)(C)C)cc(c1OCC(=O)NCCN(C)C)Cc1cc(C(C)(C)C)cc(c1OCC(=O)NCCN(C)C)Cc1cc(C(C)(C)C)cc(c1OCC(=O)NCCN(C)C)C2,1
COC1=CC(=O)c2c(O)c3c(c(O)c2C1=O)C[C@](C)(O)C[C@@H]3O,0
CCOC(=O)C(C)SC1=C(NC(C)(C)C)C(=O)c2ccccc2C1=O,0
CCCc1cc2c(OCC(=O)NCCN(C)C)c(c1)Cc1cc(CC(C)C)cc(c1OCC(=O)NCCN(C)C)Cc1cc(CCC)cc(c1OCC(=O)NCCN(C)C)Cc1cc(CC(C)C)cc(c1OCC(=O)NCCN(C)C)C2,1
CCOC(=O)C(C)SC1=C(N)C(=O)c2ccccc2C1=O,0
CC(C)c1ccc(C2(c3ccc(O)c(O)c3)OC(=O)c3ccccc32)cc1,0
CC(C)c1ccc(C2(c3ccc(O)c(O)c3)OC(=O)c3ccccc32)cc1[N+](=O)[O-],0
CC(C)c1ccc(C2(c3ccc(O)c(O)c3O)OC(=O)c3ccccc32)cc1,0
CC(C)c1ccc(C2(c3ccc(O)c(O)c3O)OC(=O)c3ccccc32)cc1[N+](=O)[O-],0
Oc1ccc(/C=N/NC(=S)N2CCNCC2)cc1,1
C/C(=N\NC(=S)N1CCNCC1)c1ccc(O)cc1,1
C/C(=N\NC(=S)N1CCNCC1)c1cccc([N+](=O)[O-])c1,1
COc1ccc(/C=N/NC(=S)N2CCNCC2)cc1,1
S=C(N/N=C/c1ccc(Cl)cc1)N1CCNCC1,1
C/C(=N/NC(=S)N1CCNCC1)c1ccccc1,1
S=C(N/N=C/c1ccccc1)N1CCNCC1,1
C/C(=N\NC(=S)N1CCNCC1)c1ccc(Cl)cc1,1
Cc1ccc(/C=N/NC(=S)N2CCNCC2)cc1,1
S=C(NN=C(c1ccccc1)c1ccccc1)N1CCNCC1,1
CCC(C)CCCCC(=O)N[C@@H](CC=O)C(=O)N[C@H](C(=O)N[C@@H](CC=O)C(=O)N[C@H]1CCNC(=O)[C@H]([C@@H](C)O)NC(=O)[C@H](CC=O)NC(=O)[C@H](CC=O)NC(=O)[C@H](CC(C)C)NC(=O)[C@@H](Cc2ccccc2)NC(=O)[C@H](CC=O)NC1=O)[C@@H](C)O,0
CCC(C)CCCCC(=O)N[C@@H](CCNC=O)C(=O)N[C@H](C(=O)N[C@@H](CCN)C(=O)N[C@H]1CCNC(=O)[C@H]([C@@H](C)O)NC(=O)[C@H](CCN)NC(=O)[C@H](CCN)NC(=O)[C@H](CC(C)C)NC(=O)[C@@H](Cc2ccccc2)NC(=O)[C@H](CCN)NC1=O)[C@@H](C)O,0
CCC(C)CCCCC(=O)N[C@@H](CCNC=O)C(=O)N[C@H](C(=O)N[C@@H](CCNC=O)C(=O)N[C@H]1CCNC(=O)[C@H]([C@@H](C)O)NC(=O)[C@H](CCN)NC(=O)[C@H](CCN)NC(=O)[C@H](CC(C)C)NC(=O)[C@@H](Cc2ccccc2)NC(=O)[C@H](CCN)NC1=O)[C@@H](C)O,0
CCC(C)CCCCC(=O)N[C@@H](CCNC=O)C(=O)N[C@H](C(=O)N[C@@H](CCNC=O)C(=O)N[C@H]1CCNC(=O)[C@H]([C@@H](C)O)NC(=O)[C@H](CCN)NC(=O)[C@H](CCNC=O)NC(=O)[C@H](CC(C)C)NC(=O)[C@@H](Cc2ccccc2)NC(=O)[C@H](CCN)NC1=O)[C@@H](C)O,0
CCC(C)CCCCC(=O)N[C@@H](CCNC=O)C(=O)N[C@H](C(=O)N[C@@H](CCNC=O)C(=O)N[C@H]1CCNC(=O)[C@H]([C@@H](C)O)NC(=O)[C@H](CCNC=O)NC(=O)[C@H](CCNC=O)NC(=O)[C@H](CC(C)C)NC(=O)[C@@H](Cc2ccccc2)NC(=O)[C@H](CCN)NC1=O)[C@@H](C)O,0
CCC(C)CCCCC(=O)N[C@@H](CCNC=O)C(=O)N[C@H](C(=O)N[C@@H](CCNC=O)C(=O)N[C@H]1CCNC(=O)[C@H]([C@@H](C)O)NC(=O)[C@H](CCNC=O)NC(=O)[C@H](CCNC=O)NC(=O)[C@H](CC(C)C)NC(=O)[C@@H](Cc2ccccc2)NC(=O)[C@H](CCNC=O)NC1=O)[C@@H](C)O,0
CCC(C)CCCCC(=O)N[C@@H](CCNC(N)=O)C(=O)N[C@H](C(=O)N[C@@H](CCNC(N)=O)C(=O)N[C@H]1CCNC(=O)[C@H]([C@@H](C)O)NC(=O)[C@H](CCNC(N)=O)NC(=O)[C@H](CCNC(N)=O)NC(=O)[C@H](CC(C)C)NC(=O)[C@@H](Cc2ccccc2)NC(=O)[C@H](CCN)NC1=O)[C@@H](C)O,0
CC(O)Cn1c([N+](=O)[O-])cnc1/C=C/c1ccccc1,0
COc1ccc(/C=C/c2ncc([N+](=O)[O-])n2CC(C)O)cc1,0
CC(O)Cn1c([N+](=O)[O-])cnc1/C=C/c1ccc(Br)cc1,0
CC(O)Cn1c([N+](=O)[O-])cnc1/C=C/c1cccc(F)c1,0
CC(O)Cn1c([N+](=O)[O-])cnc1/C=C/c1ccc(Cl)cc1,0
CC(O)Cn1c([N+](=O)[O-])cnc1/C=C/c1ccc(F)cc1,0
CC(O)Cn1c([N+](=O)[O-])cnc1/C=C/c1cccc(Cl)c1,0
COc1ccccc1/C=C/c1ncc([N+](=O)[O-])n1CC(C)O,0
CC(O)Cn1c([N+](=O)[O-])cnc1/C=C/c1ccc([N+](=O)[O-])cc1,0
COc1cccc(/C=C/c2ncc([N+](=O)[O-])n2CC(C)O)c1,0
CC(O)Cn1c([N+](=O)[O-])cnc1/C=C/c1cccc(Br)c1,0
CC(O)Cn1c([N+](=O)[O-])cnc1/C=C/c1ccccc1F,0
CC(O)Cn1c([N+](=O)[O-])cnc1/C=C/c1ccccc1Cl,0
Cc1ccc(/C=C/c2ncc([N+](=O)[O-])n2CC(C)O)cc1,0
CC(O)Cn1c([N+](=O)[O-])cnc1/C=C/c1c(F)cccc1Cl,0
CC(O)Cn1c([N+](=O)[O-])cnc1/C=C/c1ccc(Cl)cc1Cl,0
CC(O)Cn1c([N+](=O)[O-])cnc1/C=C/c1ccc(N(C)C)cc1,0
CC(O)Cn1c([N+](=O)[O-])cnc1/C=C/c1cccc([N+](=O)[O-])c1,0
CC(O)Cn1c([N+](=O)[O-])cnc1/C=C/c1ccccc1Br,0
CC(O)Cn1c([N+](=O)[O-])cnc1/C=C/c1ccccc1[N+](=O)[O-],0
CC(O)Cn1c([N+](=O)[O-])cnc1/C=C/c1ccc2ccccc2c1,0
O=C(N/N=C/c1ccc([N+](=O)[O-])o1)c1ccc(O)cc1,0
CCCCCCCC(=O)c1c(O)cc(CCCCCCC)oc1=O,0
CC1(C)S[C@@H]2[C@H](NC(=O)Cc3ccccc3)C(=O)N2[C@H]1C(=O)O,0
CNC(C)[C@@H]1CC[C@@H](N)[C@@H](O[C@@H]2[C@@H](N)C[C@@H](N)[C@H](O[C@H]3OC[C@](C)(O)[C@H](NC)[C@H]3O)[C@H]2O)O1.CN[C@@H]1[C@@H](O)[C@@H](O[C@@H]2[C@@H](O)[C@H](O[C@H]3O[C@H](C(C)N)CC[C@H]3N)[C@@H](N)C[C@H]2N)OC[C@]1(C)O.CN[C@@H]1[C@@H](O)[C@@H](O[C@@H]2[C@@H](O)[C@H](O[C@H]3O[C@H](CN)CC[C@H]3N)[C@@H](N)C[C@H]2N)OC[C@]1(C)O,0
COC(=O)Cc1cc(O)cc2oc(CCCCC[C@H](C)O)cc(=O)c12,0
CCOC(=O)Cc1cc(O)cc2oc(CCCCC[C@H](C)O)cc(=O)c12,0
COC(=O)Cc1cc(OC)cc2c1C(=O)CC(CCCCC[C@H](C)OC(C)=O)O2,0
COC(=O)Cc1cc(OC)cc2oc(CCCCC[C@H](C)OC(C)=O)cc(=O)c12,0
CCCCCCC(CCCCCC(O)C(N)=O)OC(=O)C1CC=CN1C(=O)c1ccccc1O,1
Oc1cccc2cccnc12,0
COc1ccccc1C1=C(Br)C(=O)O/C1=C\c1ccc(C(F)(F)F)cc1,0
COc1ccc(Br)cc1C1=C(Br)C(=O)O/C1=C\c1cccc(Cl)c1,0
COc1ccc(Br)cc1C1=C(Br)C(=O)O/C1=C\c1ccc(Br)cc1,0
COc1ccc(C)cc1C1=C(Br)C(=O)O/C1=C\c1cccc(Cl)c1,0
COc1ccc(Cl)cc1C1=C(Br)C(=O)O/C1=C\c1ccccc1Br,0
COc1cccc(/C=C2\OC(=O)C(Br)=C2c2cc(Cl)ccc2OC)c1,1
COc1ccccc1C1=C(Br)C(=O)N(CC(C)C)C1(O)Cc1ccc(C(F)(F)F)cc1,0
COc1ccc(C)cc1C1=C(Br)C(=O)N(CC(C)C)C1(O)Cc1ccccc1Cl,0
COc1ccc(Cl)cc1C1=C(Br)C(=O)N(CC(C)C)C1(O)Cc1ccccc1Br,0
COc1cccc(CC2(O)C(c3cc(Cl)ccc3OC)=C(Br)C(=O)N2CC(C)C)c1,1
COc1ccc(Br)cc1C1=C(Br)C(=O)N(CC(C)C)/C1=C\c1cccc(Cl)c1,0
COc1ccc(Br)cc1C1=C(Br)C(=O)N(CC(C)C)/C1=C\c1ccc(Br)cc1,0
COc1ccc(C)cc1C1=C(Br)C(=O)N(CC(C)C)/C1=C\c1cccc(Cl)c1,1
COc1ccc(C)cc1C1=C(Br)C(=O)N(CC(C)C)/C1=C\c1ccccc1Cl,0
COc1ccc(Cl)cc1C1=C(Br)C(=O)N(CC(C)C)/C1=C\c1ccccc1Br,1
COc1cccc(/C=C2/C(c3cc(Cl)ccc3OC)=C(Br)C(=O)N2CC(C)C)c1,0
COc1ccccc1C1=C(Br)C(=O)N(CC(C)C)/C1=C/c1ccc(C(F)(F)F)cc1,0
COc1ccc(Br)cc1C1=C(Br)C(=O)N(CC(C)C)/C1=C/c1cccc(Cl)c1,0
COc1ccc(Br)cc1C1=C(Br)C(=O)N(CC(C)C)/C1=C/c1ccc(Br)cc1,1
COc1ccc(C)cc1C1=C(Br)C(=O)N(CC(C)C)/C1=C/c1cccc(Cl)c1,1
COc1ccc(C)cc1C1=C(Br)C(=O)N(CC(C)C)/C1=C/c1ccccc1Cl,1
COc1ccc(Cl)cc1C1=C(Br)C(=O)N(CC(C)C)/C1=C/c1ccccc1Br,0
O=C1C=C2CCC(Br)=C2O1,0
O=C1C=C2CCCC(Br)=C2O1,0
O=C1C=C2CCCCC(Br)=C2O1,0
O=[N+]([O-])c1cnc(/C=C/c2ccccc2)n1CCO,0
COc1ccc(/C=C/c2ncc([N+](=O)[O-])n2CCO)cc1,0
O=[N+]([O-])c1cnc(/C=C/c2ccc(Br)cc2)n1CCO,0
O=[N+]([O-])c1cnc(/C=C/c2cccc(F)c2)n1CCO,0
O=[N+]([O-])c1cnc(/C=C/c2ccc(Cl)cc2)n1CCO,0
O=[N+]([O-])c1cnc(/C=C/c2ccc(F)cc2)n1CCO,1
O=[N+]([O-])c1cnc(/C=C/c2cccc(Cl)c2)n1CCO,0
COc1cccc(/C=C/c2ncc([N+](=O)[O-])n2CCO)c1,0
O=[N+]([O-])c1ccc(/C=C/c2ncc([N+](=O)[O-])n2CCO)cc1,0
COc1ccccc1/C=C/c1ncc([N+](=O)[O-])n1CCO,0
O=[N+]([O-])c1cnc(/C=C/c2cccc(Br)c2)n1CCO,0
CCOC(OCC)c1ccc(/C=C/c2ncc([N+](=O)[O-])n2CCO)cc1,0
O=[N+]([O-])c1cnc(/C=C/c2ccccc2F)n1CCO,0
O=[N+]([O-])c1cnc(/C=C/c2ccccc2Cl)n1CCO,0
Cc1ccc(/C=C/c2ncc([N+](=O)[O-])n2CCO)cc1,0
O=[N+]([O-])c1cnc(/C=C/c2c(F)cccc2Cl)n1CCO,0
O=[N+]([O-])c1cnc(/C=C/c2ccc(Cl)cc2Cl)n1CCO,0
CN(C)c1ccc(/C=C/c2ncc([N+](=O)[O-])n2CCO)cc1,0
O=[N+]([O-])c1cccc(/C=C/c2ncc([N+](=O)[O-])n2CCO)c1,0
O=[N+]([O-])c1cnc(/C=C/c2ccccc2Br)n1CCO,0
O=[N+]([O-])c1ccccc1/C=C/c1ncc([N+](=O)[O-])n1CCO,0
O=[N+]([O-])c1cnc(/C=C/c2ccc3ccccc3c2)n1CCO,0
O=[N+]([O-])c1cnc(/C=C/c2ccc(OCc3ccccc3)cc2)n1CCO,0
O=[N+]([O-])c1cnc(/C=C/c2cccc3ccccc23)n1CCO,0
Nc1nc(C(=O)CCNC(=O)c2cc(Br)c(Br)[nH]2)c[nH]1,0
O=c1c2ccccc2sn1C1CCCCC1,0
CC(C)Cn1sc2ccccc2c1=O,0
C[C@@H](c1ccccc1)n1sc2ccccc2c1=O,0
O=c1c2ccccc2sn1Cc1ccc2c(c1)OCO2,0
COc1ccc(-n2sc3ccccc3c2=O)cc1,0
Nc1nc(OCc2cn(-c3n[nH]c4nc(C(F)(F)F)ccc34)nn2)cc(C(F)(F)F)n1,0
CCOC(=O)Cn1nc(-n2cc(COc3cc(C(F)(F)F)nc(N)n3)nn2)c2ccc(C(F)(F)F)nc21,0
CCCCCCCCCCn1nc(-n2cc(COc3cc(C(F)(F)F)nc(N)n3)nn2)c2ccc(C(F)(F)F)nc21,0
c1ccc2c(-c3nccc4c3[nH]c3ccccc34)c[nH]c2c1,0
C[C@]1(/C=C\C#N)[C@H](C(=O)O)N2C(=O)C[C@H]2S1(=O)=O,0
Cc1ncc([N+](=O)[O-])n1CCOc1ccc(/C=N/Nc2nc(-c3ccccc3Br)cs2)cc1,0
Cc1ncc([N+](=O)[O-])n1CCOc1ccc(/C=N\NC(N)=S)cc1,0
Cc1ncc([N+](=O)[O-])n1CCOc1cccc(/C=N\NC(N)=S)c1,0
Cc1ncc([N+](=O)[O-])n1CCOc1ccc(/C=N/Nc2nc(-c3ccccc3)cs2)cc1,0
COc1ccc(-c2csc(N/N=C/c3ccc(OCCn4c([N+](=O)[O-])cnc4C)cc3)n2)cc1,0
Cc1ncc([N+](=O)[O-])n1CCOc1ccc(/C=N/Nc2nc(-c3ccc(Br)cc3)cs2)cc1,0
Cc1ncc([N+](=O)[O-])n1CCOc1ccc(/C=N/Nc2nc(-c3ccc(C(F)(F)F)cc3)cs2)cc1,0
Cc1ncc([N+](=O)[O-])n1CCOc1cccc(/C=N/Nc2nc(-c3ccccc3)cs2)c1,0
COc1ccc(-c2csc(N/N=C/c3cccc(OCCn4c([N+](=O)[O-])cnc4C)c3)n2)cc1,0
Cc1ncc([N+](=O)[O-])n1CCOc1cccc(/C=N/Nc2nc(-c3ccc(Br)cc3)cs2)c1,0
Cc1ncc([N+](=O)[O-])n1CCOc1cccc(/C=N/Nc2nc(-c3ccc(C(F)(F)F)cc3)cs2)c1,0
Cc1ncc([N+](=O)[O-])n1CCOc1cccc(/C=N/Nc2nc(-c3ccccc3Br)cs2)c1,0
CCOC(=O)C1=C(Nc2ccc(OC)cc2)C(=O)N(c2ccc(OC)cc2)C1C(=O)OCC,0
CCOC(=O)C1=C(Nc2cccc(C)c2)C(=O)N(c2cccc(C)c2)C1C(=O)OCC,0
CCOC(=O)C1=C(Nc2ccc(CC)cc2)C(=O)N(c2ccc(CC)cc2)C1C(=O)OCC,0
CCOC(=O)C1=C(Nc2ccc(OCC)cc2)C(=O)N(c2ccc(OCC)cc2)C1C(=O)OCC,0
CCOC(=O)C1=C(Nc2ccccc2)C(=O)N(c2ccccc2)C1C(=O)OCC,0
CCOC(=O)C1=C(Nc2ccc(Cl)cc2)C(=O)N(c2ccc(Cl)cc2)C1C(=O)OCC,0
CCOC(=O)C1=C(Nc2cccc(Cl)c2)C(=O)N(c2cccc(Cl)c2)C1C(=O)OCC,0
CCOC(=O)C1=C(Nc2ccc(Br)cc2)C(=O)N(c2ccc(Br)cc2)C1C(=O)OCC,0
Fc1cc(/N=C/c2ccoc2)ccc1N1CCOCC1,0
Fc1cc(/N=C/c2ccccc2)ccc1N1CCOCC1,0
Fc1ccc(/C=N/c2ccc(N3CCOCC3)c(F)c2)cc1,0
Fc1cc(/N=C/c2c(Cl)cccc2Cl)ccc1N1CCOCC1,0
Oc1ccc(/C=N/c2ccc(N3CCOCC3)c(F)c2)cc1O,0
COc1ccc(/C=N/c2ccc(N3CCOCC3)c(F)c2)cc1OC,0
Fc1cc(/N=C/c2c[nH]c3ccccc23)ccc1N1CCOCC1,0
Fc1cc(/N=C/c2cc3ccccc3nc2Cl)ccc1N1CCOCC1,0
Cc1cccc2cc(/C=N/c3ccc(N4CCOCC4)c(F)c3)c(Cl)nc12,0
O=C(CCCCCOc1cccc(F)c1)Nc1ccnc(C(F)(F)F)c1,0
CCCCCCCCCC(=O)CC(=O)Nc1ccncc1,1
CCCCCCCCCCCC(=O)Nc1ccnc(F)c1,1
O=C(CCCCCOc1cccc(Br)c1)Nc1ccnc(C(F)(F)F)c1,1
NC(=O)c1cc(Br)c(Br)[nH]1,0
C[C@@H]1O[C@@H](O[C@H]2C[C@](C)(O)Cc3cc4c(c(O)c32)C(=O)c2c(O)cccc2C4=O)[C@H](O)[C@H](O)[C@H]1O,0
CO[C@H]1[C@H](O[C@H]2C[C@](C)(O)C(=O)c3cc4c(c(O)c32)C(=O)c2c(O)cccc2C4=O)O[C@@H](C)[C@H](O)[C@H]1O,0
CO[C@H]1[C@H](O[C@H]2C[C@](C)(O)Cc3cc4c(c(O)c32)C(=O)c2c(O)cccc2C4=O)O[C@@H](C)[C@H](O)[C@H]1O,0
CN(C)[C@@H]1C(O)=C(C(N)=O)C(=O)[C@@]2(O)C(O)=C3C(=O)c4c(O)c5c(c(F)c4C[C@H]3C[C@@H]12)[C@@H]1[C@@H](CCN1C)CN5,1
CCOC(=O)C(C)SC1=C(Cl)C(=O)c2ccccc2C1=O,0
C=CCc1cc2c(OCC(=O)NCCN(C)C)c(c1)Cc1cc(CC(=C)C)cc(c1OCC(=O)NCCN(C)C)Cc1cc(CC=C)cc(c1OCC(=O)NCCN(C)C)Cc1cc(CC(=C)C)cc(c1OCC(=O)NCCN(C)C)C2,1
CCOC(=O)C(C)SC1=C(NN)C(=O)c2ccccc2C1=O,0
CCOC(=O)C(C)SC1=C(NCCc2ccc(OC)c(OC)c2)C(=O)c2ccccc2C1=O,0
CCOC(=O)CSC1=C(NCC(C)C)C(=O)c2ccccc2C1=O,0
CC(C)Cc1cc2c(OCC(=O)NCCN(C)C)c(c1)Cc1cc(CC(C)C)cc(c1OCC(=O)NCCN(C)C)Cc1cc(C(C)C)cc(c1OCC(=O)NCCN(C)C)Cc1cc(CC(C)C)cc(c1OCC(=O)NCCN(C)C)C2,1
CCOC(=O)CSC1=C(Nc2ccccc2)C(=O)c2ccccc2C1=O,0
Cc1ccc2nc(Cl)c(C3C4=C(CC(C)(C)CC4=O)n4c(=O)c5ccccc5c(=O)n43)cc2c1,0
CC1(C)CC(=O)C2=C(C1)n1c(=O)c3ccccc3c(=O)n1C2c1cc2ccccc2n2nnnc12,0
Cc1ccc2cc(C3C4=C(CC(C)(C)CC4=O)n4c(=O)c5ccccc5c(=O)n43)c3nnnn3c2c1,0
Cc1ccc2cc(C3C4=C(CC(C)(C)CC4=O)n4c(=O)c5ccccc5c(=O)n43)c(Cl)nc2c1,0
Cc1ccc2c(c1)cc(C1C3=C(CC(C)(C)CC3=O)n3c(=O)c4ccccc4c(=O)n31)c1nnnn12,0
COc1ccc2cc(C3C4=C(CC(C)(C)CC4=O)n4c(=O)c5ccccc5c(=O)n43)c(Cl)nc2c1,0
COc1ccc2nc(Cl)c(C3C4=C(CC(C)(C)CC4=O)n4c(=O)c5ccccc5c(=O)n43)cc2c1,0
CC1(C)CC(=O)C2=C(C1)n1c(=O)c3ccccc3c(=O)n1C2c1cc2ccccc2nc1Cl,0
COc1ccc2cc(C3C4=C(CC(C)(C)CC4=O)n4c(=O)c5ccccc5c(=O)n43)c3nnnn3c2c1,0
Cc1cccc2cc(C3C4=C(CC(C)(C)CC4=O)n4c(=O)c5ccccc5c(=O)n43)c(Cl)nc12,0
COc1ccc2c(c1)cc(C1C3=C(CC(C)(C)CC3=O)n3c(=O)c4ccccc4c(=O)n31)c1nnnn12,0
Cc1cccc2cc(C3C4=C(CC(C)(C)CC4=O)n4c(=O)c5ccccc5c(=O)n43)c3nnnn3c12,0
Cc1cc2nc(N)[nH]c2cc1C,1
CCOC(=O)CSC1=C(Cl)C(=O)c2ccccc2C1=O,0
CC(C)(C)c1cc2c(OCCCCN)c(c1)Cc1cc(C(C)(C)C)cc(c1OCCCCN)Cc1cc(C(C)(C)C)cc(c1OCCCCN)Cc1cc(C(C)(C)C)cc(c1OCCCCN)C2,1
CC(C)(C)c1cc2c(OCc3cn(CCN)nn3)c(c1)Cc1cc(C(C)(C)C)cc(c1OCc1cn(CCN)nn1)Cc1cc(C(C)(C)C)cc(c1OCc1cn(CCN)nn1)Cc1cc(C(C)(C)C)cc(c1OCc1cn(CCN)nn1)C2,1
CCOC(=O)CSC1=C(NC(C)C)C(=O)c2ccccc2C1=O,0
CCOC(=O)C(C)SC1=C(NCCO)C(=O)c2ccccc2C1=O,0
C[C@@H](O)[C@H]1C(=O)N2C(C(=O)O)=C(S[C@H]3C[C@@H](C(=O)N4CC[C@H](NC(=O)CNC(=N)N)C4)N(C)C3)[C@H](C)[C@H]12,1
Nc1ncc(/C=C/CNC(=O)c2cc(Br)c(Br)[nH]2)[nH]1,0
CC1COc2c(N3CCN(C)CC3)c(F)cc3c(=O)c(C(=O)O)cn1c23,1
COC(=O)[C@H](C)n1sc2ccccc2c1=O,0
O=C(c1cc(Br)cc(Br)c1O)c1[nH]c(Br)c(Br)c1Br,0
COC(=O)[C@H](CC(C)C)n1sc2ccccc2c1=O,0
CC(=O)N[C@@H](CCCN(O)C(=O)/C=C(\C)CCO)C(=O)OCC/C(C)=C/C(=O)N(O)CCC[C@@H]1NC(=O)[C@H](CCCNC(=O)/C=C(\C)CCO)NC1=O,0
CCCCc1c(O)cc(CCC)oc1=O,0
NCCC[C@H](N)C(=O)N[C@H](Cc1c[nH]c2ccccc12)C(=O)N[C@@H](CC1CCCCC1)C(=O)N[C@@H](Cc1csc2ccccc12)C(=O)N[C@H](Cc1ccccc1)C(=O)N[C@@H](Cc1cn(Cc2ccccc2)cn1)C(N)=O,0
O=c1c2ccccc2sn1-c1ccccc1-n1sc2ccccc2c1=O,0
CCCCC(=O)c1c(O)cc(CCCC)oc1=O,0
COC(=O)[C@H](c1ccccc1)n1sc2ccccc2c1=O,0
CCCCCCCc1c(O)cc(CCCCCC)oc1=O,0
O=C(c1cc(Br)ccc1O)c1[nH]c(Br)c(Cl)c1Br,0
COC(=O)[C@@H](NC(=O)[C@H](C(C)C)n1sc2ccccc2c1=O)C(C)C,0
CC(=O)N[C@@H](CCCN(O)C(=O)/C=C(\C)CCO)C(=O)OCC/C(C)=C/C(=O)NCCC[C@@H]1NC(=O)[C@H](CCCNC(=O)/C=C(\C)CCO)NC1=O,0
CCc1c(O)cc(C)oc1=O,0
CCCC(=O)c1c(O)cc(CCC)oc1=O,0
CC(=O)N[C@@H](CCCN(O)C(=O)/C=C(\C)CCO)C(=O)OCC/C(C)=C/C(=O)N(O)CCC[C@@H]1NC(=O)[C@H](CCCN(O)C(=O)/C=C(\C)CCO)NC1=O,0
Cc1ccc(C[C@H](NC(=O)[C@@H](Cc2ccccc2)NC(=O)[C@@H](Cc2c[nH]c3ccccc23)NC(=O)[C@@H](N)CCCN)C(=O)N[C@H](Cc2ccccc2)C(=O)N[C@H](CCCNC(=N)N)C(N)=O)cc1,0
Nc1ccccc1-n1sc2ccccc2c1=O,0
CC(Cn1sc2ccccc2c1=O)n1sc2ccccc2c1=O,0
CC[C@H](C)[C@@H](C(=O)OC)n1sc2ccccc2c1=O,0
C/C(=C\C(=O)N(O)CCC[C@@H]1NC(=O)[C@H](CCCN(O)C(=O)/C=C(\C)CCO)NC1=O)CCO,0
CCCCCc1c(O)cc(CCCC)oc1=O,0
O=c1c2ccccc2sn1C1CCCCC1n1sc2ccccc2c1=O,0
Cc1ccc(C[C@H](NC(=O)[C@@H](Cc2ccccc2)NC(=O)[C@@H](Cc2c[nH]c3ccccc23)NC(=O)[C@@H](N)CCCN)C(=O)N[C@H](Cc2ccccc2)C(=O)N[C@H](CCCCN)C(N)=O)cc1,0
O=C(c1cc(Cl)cc(Cl)c1O)c1[nH]c(Br)c(Br)c1Br,0
COC(=O)[C@H](C(C)C)n1sc2ccccc2c1=O,0
CCCCCCCCc1c(O)cc(CCCCCCC)oc1=O,0
COC(=O)[C@H](C)NC(=O)[C@H](C)n1sc2ccccc2c1=O,0
CC(=O)N[C@@H](CCCN(O)C(=O)/C=C(\C)CCO)C(=O)OCC/C(C)=C/C(=O)NCCC[C@@H]1NC(=O)[C@H](CCCN(O)C(=O)/C=C(\C)CCO)NC1=O,0
CCCc1c(O)cc(CC)oc1=O,0
CCCCCCCCCc1c(O)cc(CCCCCCCC)oc1=O,0
C/C(=C\C(=O)NCCC[C@@H]1NC(=O)[C@H](CCCN(O)C(=O)/C=C(\C)CCO)NC1=O)CCO,0
CCC(=O)c1c(O)cc(CC)oc1=O,0
CC(=O)Nc1ccccc1-n1sc2ccccc2c1=O,0
CCCCCCC(=O)c1c(O)cc(CCCCCC)oc1=O,0
C/C(=C\C(=O)NCCC[C@@H]1NC(=O)[C@H](CCCNC(=O)/C=C(\C)CCO)NC1=O)CCO,0
CCCCCCc1c(O)cc(CCCCC)oc1=O,0
CC(C)(C)c1cc2c(OCc3cn(CCN)nn3)c(c1)Cc1cc(C(C)(C)C)cc(c1OCc1cn(CCN)nn1)Cc1cc(OCc3cnnn3CCN)cc(c1C(C)(C)C)Cc1cc(C(C)(C)C)cc(c1OCc1cn(CCN)nn1)C2,1
CCCCCc1nc(N)n(CC(=O)Nc2ccc(C)cc2)c1-c1ccccc1Br,0
CC(C)(C)c1ccc(Cc2nc(N)n(CC(=O)NCc3ccccc3)c2-c2ccccc2Br)cc1,0
Cc1ccc(NC(=O)Cn2c(N)nc(CC3CC3)c2-c2ccccc2Br)cc1,0
COc1ccc(Cc2nc(N)n(CC(=O)Nc3ccc(C)cc3)c2-c2ccccc2Br)cc1,0
CC(C)(C)c1ccc(Cc2nc(N)n(CC(=O)Nc3ccc([N+](=O)[O-])cc3)c2-c2ccccc2Br)cc1,0
CCCCCCc1nc(N)n(CC(=O)Nc2ccccc2)c1-c1ccccc1Br,0
CC(C)(C)c1ccc(Cc2nc(N)n(CC(=O)Nc3ccccc3)c2-c2ccccc2Br)cc1,0
Nc1nc(Cc2ccccc2)c(-c2ccccc2Br)n1CC(=O)Nc1ccccc1,0
Cc1ccc(NC(=O)Cn2c(N)nc(CC3CCCCC3)c2-c2ccccc2Br)cc1,0
Cc1ccc(NC(=O)Cn2c(N)nc(Cc3ccccc3)c2-c2ccccc2Br)cc1,0
CCCCCCc1nc(N)n(CC(=O)Nc2ccc(C)cc2)c1-c1ccccc1Br,0
Cc1ccc(NC(=O)Cn2c(N)nc(Cc3ccc(C(C)(C)C)cc3)c2-c2ccccc2Br)cc1,0
Nc1nc(CC2CC2)c(-c2ccccc2Br)n1CC(=O)Nc1ccccc1,0
COc1ccc(NC(=O)Cn2c(N)nc(Cc3ccc(C(C)(C)C)cc3)c2-c2ccccc2Br)cc1,0
CCCCCc1nc(N)n(CC(=O)Nc2ccccc2)c1-c1ccccc1Br,0
COc1ccc(Cc2nc(N)n(CC(=O)Nc3ccccc3)c2-c2ccccc2Br)cc1,0
Cc1ccc(NC(=O)Cn2c(N)nc(CC3CCCC3)c2-c2ccccc2Br)cc1,0
Cc1ccc(Cc2nc(N)n(CC(=O)Nc3ccc(C)cc3)c2-c2ccccc2Br)cc1,0
Nc1nc(CC2CCCCC2)c(-c2ccccc2Br)n1CC(=O)Nc1ccccc1,0
CCCCCCCc1nc(N)n(CC(=O)Nc2ccccc2)c1-c1ccccc1Br,0
CCCCCCCc1nc(N)n(CC(=O)Nc2ccc(C)cc2)c1-c1ccccc1Br,0
Nc1nc(Cc2ccccc2)c(-c2ccccc2Br)n1CC(=O)NCc1ccccc1,0
Cc1ccc(Cc2nc(N)n(CC(=O)Nc3ccccc3)c2-c2ccccc2Br)cc1,0
Nc1nc(CC2CCCC2)c(-c2ccccc2Br)n1CC(=O)Nc1ccccc1,0
Fc1ccc(-c2cnc(NCCCCNc3ncc(-c4ccc(F)cc4)[nH]3)[nH]2)cc1,0
Brc1ccc(-c2cnc(NCCCCCCCNc3ncc(-c4ccc(Br)cc4)[nH]3)[nH]2)cc1,0
Clc1ccc(-c2cnc(NCCCCNc3ncc(-c4ccc(Cl)cc4)[nH]3)[nH]2)cc1,0
O=C(c1nc(-c2ccccc2)c2c(C(F)(F)F)cc(-c3ccccc3)nc2n1)N1CCN(CCO)CC1,0
Clc1ccc(-c2cnc(NCCCCCCNc3ncc(-c4ccc(Cl)cc4)[nH]3)[nH]2)cc1,0
c1ccc(-c2cnc(NCCCCNc3ncc(-c4ccccc4)[nH]3)[nH]2)cc1,0
Brc1ccc(-c2cnc(NCCCCNc3ncc(-c4ccc(Br)cc4)[nH]3)[nH]2)cc1,0
Nc1ncc(-c2ccc(Cl)cc2)n1CCCCCCCn1c(-c2ccc(Cl)cc2)cnc1N,1
Fc1ccc(-c2cnc(NCCCCCCCCNc3ncc(-c4ccc(F)cc4)[nH]3)[nH]2)cc1,0
Brc1ccc(-c2cnc(NCCCCCCCCNc3ncc(-c4ccc(Br)cc4)[nH]3)[nH]2)cc1,0
Nc1ncc(-c2ccc(Br)cc2)n1CCCn1c(-c2ccc(Br)cc2)cnc1N,1
c1ccc(-c2cnc(NCCCCCCCCNc3ncc(-c4ccccc4)[nH]3)[nH]2)cc1,0
Brc1ccc(-c2cnc(NCCCCCNc3ncc(-c4ccc(Br)cc4)[nH]3)[nH]2)cc1,0
Nc1ncc(-c2ccc(Cl)cc2)n1CCCn1c(-c2ccc(Cl)cc2)cnc1N,1
c1ccc(-c2cnc(NCCCCCCNc3ncc(-c4ccccc4)[nH]3)[nH]2)cc1,0
c1ccc(-c2cnc(NCCCNc3ncc(-c4ccccc4)[nH]3)[nH]2)cc1,1
Brc1ccc(-c2cnc(NCCCNc3ncc(-c4ccc(Br)cc4)[nH]3)[nH]2)cc1,0
Nc1ncc(-c2ccc(F)cc2)n1CCCCCCn1c(-c2ccc(F)cc2)cnc1N,0
Nc1ncc(-c2ccc(Cl)cc2)n1CCCCCCn1c(-c2ccc(Cl)cc2)cnc1N,1
Fc1ccc(-c2cnc(NCCCCCCCNc3ncc(-c4ccc(F)cc4)[nH]3)[nH]2)cc1,0
Nc1ncc(-c2ccc(F)cc2)n1CCCCCCCCn1c(-c2ccc(F)cc2)cnc1N,0
Nc1ncc(-c2ccc(Br)cc2)n1CCCCn1c(-c2ccc(Br)cc2)cnc1N,1
c1ccc(-c2cnc(NCCCCCCCNc3ncc(-c4ccccc4)[nH]3)[nH]2)cc1,1
Nc1ncc(-c2ccc(Cl)cc2)n1CCCCn1c(-c2ccc(Cl)cc2)cnc1N,1
Brc1ccc(-c2cnc(NCCCCCCNc3ncc(-c4ccc(Br)cc4)[nH]3)[nH]2)cc1,0
Fc1ccc(-c2cnc(NCCCCCCNc3ncc(-c4ccc(F)cc4)[nH]3)[nH]2)cc1,0
c1ccc(-c2cnc(NCCCCCNc3ncc(-c4ccccc4)[nH]3)[nH]2)cc1,1
Nc1ncc(-c2ccc(F)cc2)n1CCCCn1c(-c2ccc(F)cc2)cnc1N,0
Nc1ncc(-c2ccc(F)cc2)n1CCCCCn1c(-c2ccc(F)cc2)cnc1N,0
Nc1ncc(-c2ccccc2)n1CCCCn1c(-c2ccccc2)cnc1N,0
Nc1ncc(-c2ccc(Br)cc2)n1CCCCCCCn1c(-c2ccc(Br)cc2)cnc1N,1
Nc1ncc(-c2ccc(F)cc2)n1CCCCCCCn1c(-c2ccc(F)cc2)cnc1N,0
Nc1ncc(-c2ccccc2)n1CCCCCCn1c(-c2ccccc2)cnc1N,1
Nc1ncc(-c2ccc(Br)cc2)n1CCCCCn1c(-c2ccc(Br)cc2)cnc1N,0
Nc1ncc(-c2ccc(Cl)cc2)n1CCCCCn1c(-c2ccc(Cl)cc2)cnc1N,0
Fc1ccc(-c2cnc(NCCCCCNc3ncc(-c4ccc(F)cc4)[nH]3)[nH]2)cc1,1
COc1ccc(-c2nc(C(=O)N3CCN(C)CC3)nc3nc(-c4ccccc4)cc(C(F)(F)F)c23)cc1,0
Nc1ncc(-c2ccccc2)n1CCCCCCCCn1c(-c2ccccc2)cnc1N,0
CN1CCN(C(=O)c2nc(-c3ccccc3)c3c(C(F)(F)F)cc(-c4ccccc4)nc3n2)CC1,0
Nc1ncc(-c2ccccc2)n1CCCn1c(-c2ccccc2)cnc1N,0
Nc1ncc(-c2ccc(F)cc2)n1CCCn1c(-c2ccc(F)cc2)cnc1N,0
Nc1ncc(-c2ccc(Cl)cc2)n1CCCCCCCCn1c(-c2ccc(Cl)cc2)cnc1N,1
Clc1ccc(-c2cnc(NCCCCCCCNc3ncc(-c4ccc(Cl)cc4)[nH]3)[nH]2)cc1,0
Nc1ncc(-c2ccccc2)n1CCCCCn1c(-c2ccccc2)cnc1N,0
Nc1ncc(-c2ccc(Br)cc2)n1CCCCCCCCn1c(-c2ccc(Br)cc2)cnc1N,1
Fc1ccc(-c2cnc(NCCCNc3ncc(-c4ccc(F)cc4)[nH]3)[nH]2)cc1,0
Nc1ncc(-c2ccccc2)n1CCCCCCCn1c(-c2ccccc2)cnc1N,1
Nc1ncc(-c2ccc(Br)cc2)n1CCCCCCn1c(-c2ccc(Br)cc2)cnc1N,0
Clc1ccc(-c2cnc(NCCCNc3ncc(-c4ccc(Cl)cc4)[nH]3)[nH]2)cc1,0
Clc1ccc(-c2cnc(NCCCCCNc3ncc(-c4ccc(Cl)cc4)[nH]3)[nH]2)cc1,0
Clc1ccc(-c2cnc(NCCCCCCCCNc3ncc(-c4ccc(Cl)cc4)[nH]3)[nH]2)cc1,0
CC(C)(C)c1cc2c(OCCCCNC(=N)N)c(c1)Cc1cc(C(C)(C)C)cc(c1OCCCCNC(=N)N)Cc1cc(C(C)(C)C)cc(c1OCCCCNC(=N)N)Cc1cc(C(C)(C)C)cc(c1OCCCCNC(=N)N)C2,1
O=C(c1cc(Cl)cc(Cl)c1O)c1[nH]c(Cl)c(Cl)c1Br,0
CCCCCC[C@H](CCCCC[C@H](O)C(N)=O)OC(=O)[C@@H]1CC=CN1C(=O)c1ccccc1O,1
O=C(c1cn(-c2ccc(F)cc2Br)nn1)c1c(-c2ccccc2)nc2sccn12,0
CCCCCC[C@H](CCCCC[C@@H](O)C(N)=O)OC(=O)[C@@H]1CC=CN1C(=O)c1ccccc1O,1
O=C1C2=C(C(=O)c3c1cnc1ccc(C(F)(F)F)cc31)C1CCC2C1,0
Cc1c(C(=O)/C=C(\O)C(=O)N[C@H](C)C(=O)O)oc2ccc(Br)cc12,1
C=C[C@]1(C)C=C2C(=O)[C@]3(O)OC(=O)[C@@]4(CCCC(C)(C)[C@@H]43)[C@H]2CC1,0
CCCCCC[C@@H](CCCCC[C@@H](O)C(N)=O)OC(=O)[C@@H]1CC=CN1C(=O)c1ccccc1O,1
O=C(c1cn(-c2ccc(Br)cc2)nn1)c1c(-c2ccc(Cl)cc2)nc2sccn12,0
O=C(c1cn(-c2ccc(Cl)cc2)nn1)c1c(-c2ccc(Cl)cc2)nc2sccn12,0
O=C1C2=C(C(=O)c3c1cnc1ccccc31)C1CCC2C1,0
O=C1C2=C(C(=O)c3c1cnc1cc(C(F)(F)F)ccc31)C1CCC2C1,0
CCCCCCCCCCNC(=O)CCCc1c[nH]c(N)n1.Cl,0
O=C1C2=C(C(=O)c3c1cnc1ccc(F)cc31)C1CCC2C1,0
NC[C@H]1O[C@H](O[C@@H]2[C@@H](N)C[C@@H](N)[C@H](O)[C@H]2NCCCCCCCCNC(=O)c2cc3c(cn2)[nH]c2ccccc23)[C@H](N)[C@@H](O)[C@@H]1O,0
CCCCCC[C@H](CCCCCCC(N)=O)OC(=O)[C@@H]1CC=CN1C(=O)c1ccccc1O,1
O=C(c1cn(-c2ccc(Cl)cc2)nn1)c1c(-c2ccccc2)nc2sccn12,0
CCCCCCCCNC(=O)CCCc1c[nH]c(N)n1.Cl,0
Cc1ncc([N+](=O)[O-])n1CCn1cc(CCO)nn1,0
CCCCCCCCCCCC(=O)O[C@@H]1[C@@H](OC(=O)C=C(C)C)[C@H](O)[C@@H](CO)O[C@@H]1O[C@@]1(CO)O[C@@H](CO)[C@H](O)[C@H]1O,0
O=C(c1cn(-c2ccc(Br)cc2)nn1)c1c(-c2ccccc2)nc2sccn12,0
CCCCCC[C@@H](CCCCC[C@H](O)C(N)=O)OC(=O)[C@@H]1CC=CN1C(=O)c1ccccc1O,0
Cc1ncc([N+](=O)[O-])n1CCn1cc(CO)nn1,1
C[C@@H]1OC(=O)C[C@H](O)C[C@H](O)C[C@H](O)CC[C@@H](O)[C@H](O)C[C@]2(O)C[C@H](O)[C@@H](C(=O)O)[C@H](C[C@@H](O[C@@H]3O[C@H](C)[C@@H](O)[C@H](N)[C@@H]3O)/C=C/C=C/C=C/C=C/CC/C=C/C=C/[C@H](C)[C@@H](O)[C@H]1C)O2,0
O=c1c2ccccc2sn1-c1ccccc1,0
O=C1C2=C(C(=O)c3c1cnc1c(F)cccc31)C1CCC2C1,0
CCCCCC[C@H](CCCCC[C@@H](O)C(N)=O)OC(=O)[C@@H]1CCCCN1C(=O)c1ccccc1O,0
Cc1ncc([N+](=O)[O-])n1CCn1cc(COc2ccc(Cl)cc2)nn1,1
O=C(c1cc(Cl)cc(Cl)c1O)c1[nH]c(Cl)c(Br)c1Cl,0
CCCCCC[C@H](CCCCC[C@@H](O)C(N)=O)OC(=O)[C@@H]1CC(F)=CN1C(=O)c1ccccc1O,1
O=C1C2=C(C(=O)c3c1cnc1cc(F)ccc31)C1CCC2C1,0
O=C(c1cc(Cl)c(Cl)[nH]1)c1cc(Cl)cc(Cl)c1O,0
CCCCCC[C@H](CCCCC[C@@H](O)C(N)=O)NC(=O)[C@@H]1CC=CN1C(=O)c1ccccc1O,0
CCCCCCNC(=O)CCCc1c[nH]c(N)n1.Cl,0
CCCCCCCCCCCCNC(=O)CCCc1c[nH]c(N)n1.Cl,1
O=C1Nc2ccccc2/C1=N/NC(=O)c1cccc(Cl)c1,0
O=C1Nc2ccccc2/C1=N/NC(=O)c1cccc(Br)c1,0
COc1cccc(C(=O)NCc2c(O)c(=O)cc(C)n2C)c1,0
Clc1ccc(-n2cc(COc3cccc4cccnc34)nn2)cc1,0
COc1ccc(-n2cc(COc3ccc(/C=N/Nc4nc(-c5cc6cc(Br)cc(OC)c6oc5=O)cs4)cc3)nn2)cc1,0
COc1ccc(NCc2c(O)c(=O)cc(C)n2C)cc1,0
COc1ccc(C(=O)NCc2c(O)c(=O)cc(C)n2C)cc1,0
COc1ccc(S(=O)(=O)NCc2c(O)c(=O)cc(C)n2C)cc1,0
Cc1cc(=O)c(O)c(CNS(=O)(=O)c2ccc(C(C)(C)C)cc2)n1C,0
Cc1ccc(S(=O)(=O)NCc2c(O)c(=O)cc(C)n2C)cc1,0
COc1ccccc1C(=O)NCc1c(O)c(=O)cc(C)n1C,0
Cc1cc(=O)c(O)c(CNS(=O)(=O)c2ccc(F)cc2)n1C,0
Cc1cc(=O)c(O)c(CNC(=O)c2cccc3ccccc23)n1C,0
Cc1cc(=O)c(O)c(CNC2CCCC2)n1C,0
COc1cccc(NCc2c(O)c(=O)cc(C)n2C)c1,0
Cc1cc(=O)c(O)c(CNC(=O)C2CCC2)n1C,0
Cc1cc(=O)c(O)c(CNC(=O)c2ccnc(C(F)(F)F)c2)n1C,0
Cc1ccc(-n2cc(COc3cccc4cccnc34)nn2)cc1,0
COc1ccc(-n2cc(COc3ccc(/C=N/Nc4nc(-c5cc6c(ccc7ccccc76)oc5=O)cs4)cc3)nn2)cc1,0
Cc1cc(=O)c(O)c(CNS(=O)(=O)c2ccc(-c3ccccc3)cc2)n1C,0
c1ccc(-n2cc(COc3cccc4cccnc34)nn2)cc1,0
O=[N+]([O-])c1ccc(-n2cc(COc3cccc4cccnc34)nn2)cc1,0
COc1ccc(-n2cc(COc3ccc(/C=N/Nc4nc(-c5cc6ccccc6oc5=O)cs4)cc3)nn2)cc1,0
Cc1cc(=O)c(O)c(CNc2ccc(C(F)(F)F)cc2)n1C,0
Cc1cc(=O)c(O)c(CNCCCN2CCN(C)CC2)n1C,0
CCCCCNCc1c(O)c(=O)cc(C)n1C,0
Cc1cc(=O)c(O)c(CNC(C)C)n1C,0
Cc1cc(=O)c(O)c(CNC(=O)C2CC2)n1C,0
Fc1ccc(-n2cc(COc3cccc4cccnc34)nn2)cc1,0
Cc1cc(=O)c(O)c(CNC(=O)C2CCCC2)n1C,0
Cc1ccc(OCc2cn(CCn3c([N+](=O)[O-])cnc3C)nn2)cc1,1
Cc1ncc([N+](=O)[O-])n1CCn1cc(COc2ccccc2[N+](=O)[O-])nn1,0
Cc1ncc([N+](=O)[O-])n1CCn1cc(COc2ccc([N+](=O)[O-])cc2)nn1,0
NS(=O)(=O)c1ccc(-n2cc(COc3cccc4cccnc34)nn2)cc1,0
O=C(O)c1ccc(-n2cc(COc3cccc4cccnc34)nn2)cc1,0
CCCCNCc1c(O)c(=O)cc(C)n1C,0
Cc1cc(=O)c(O)c(CNC(=O)c2ccncc2)n1C,0
Cc1cc(=O)c(O)c(CNCC2CN(Cc3ccc(F)cc3)CCO2)n1C,0
CCCCCCCC(=O)NCc1c(O)c(=O)cc(C)n1C,0
CCCCC(=O)NCc1c(O)c(=O)cc(C)n1C,0
Cc1ncc([N+](=O)[O-])n1CCn1cc(COc2ccccc2)nn1,1
COCc1cn(CCn2c([N+](=O)[O-])cnc2C)nn1,0
CCC(=O)OCc1cn(CCn2c([N+](=O)[O-])cnc2C)nn1,0
Cc1ncc([N+](=O)[O-])n1CCn1cc(COC2CCCCO2)nn1,0
Cc1cc(=O)c(O)c(CNC(=O)Cc2ccccc2)n1C,0
CCCCCCC(=O)NCc1c(O)c(=O)cc(C)n1C,0
Cc1cc(=O)c(O)c(CNC(=O)C2CCCCC2)n1C,0
Cc1ncc([N+](=O)[O-])n1CCn1cc(COc2ccccc2Cl)nn1,0
COc1ccc(CCC(=O)NCc2c(O)c(=O)cc(C)n2C)cc1,0
Cc1ncc([N+](=O)[O-])n1CCn1cc(-c2ccccc2)nn1,1
Cc1ncc([N+](=O)[O-])n1CCn1cc(-c2cccnc2)nn1,0
Cc1ncc([N+](=O)[O-])n1CCn1cc(COc2ccc(C=O)cc2)nn1,1
CC(=O)c1ccc(OCc2cn(CCn3c([N+](=O)[O-])cnc3C)nn2)cc1,0
Cc1cc(=O)c(O)c(CNC(=O)C2CCCO2)n1C,0
COc1ccc(-n2cc(COc3ccc(/C=N/Nc4nc(-c5cc6cc(Br)cc(Br)c6oc5=O)cs4)cc3)nn2)cc1,0
Cc1cc(=O)c(O)c(CNC(=O)c2ccccc2)n1C,0
CCCCCC(=O)NCc1c(O)c(=O)cc(C)n1C,0
Cc1cc(=O)c(O)c(CNC(=O)Cc2ccc(F)cc2)n1C,0
Cc1cc(=O)c(O)c(CNC(=O)Cc2ccc(Cl)cc2)n1C,0
Cc1cc(=O)c(O)c(CNC(=O)CC2CCCCC2)n1C,0
Cc1cc(=O)c(O)c(CNC(=O)c2ccc(C(F)(F)F)cc2)n1C,0
Cc1cc(=O)c(O)c(CNS(=O)(=O)c2ccccc2)n1C,0
COc1ccc(-n2cc(COc3cccc4cccnc34)nn2)cc1,0
Cc1cc(=O)c(O)c(CNC2CCN(C)CC2)n1C,0
COc1ccc(CC(=O)NCc2c(O)c(=O)cc(C)n2C)cc1,0
CCCCCCCCCC(=O)CC(=O)NCc1c(O)c(=O)cc(C)n1C,0
CCCC(=O)NCc1c(O)c(=O)cc(C)n1C,0
COc1ccc(CCCC(=O)NCc2c(O)c(=O)cc(C)n2C)cc1,0
Cc1cc(=O)c(O)c(CNC(=O)c2ccc(F)cc2)n1C,0
Cc1cc(=O)c(O)c(CNS(=O)(=O)c2cccc3c2NCCC3)n1C,0
COc1ccc(-n2cc(COc3ccc(/C=N/Nc4nc(-c5cc6cccc(OC)c6oc5=O)cs4)cc3)nn2)cc1,0
C=C1CC[C@@H](C[C@@H]2C(=C)CC[C@H]3C(C)(C)[C@H](O)CC[C@]23C)[C@](C)(C(=O)O)[C@H]1CC/C(C)=C/COC=O,0
C=C1CC[C@@H](C[C@@H]2C(=C)CC[C@H]3C(C)(C)[C@H](O)CC[C@]23C)[C@](C)(C(=O)O)[C@H]1CC/C(C)=C/CO,0
CCc1ccc(-c2nc(C[C@H](N)C(=O)N[C@@H](Cc3c[nH]c4ccccc34)C(=O)N[C@@H](CCCNC(=N)N)C(=O)NCc3ccccc3)c[nH]2)cc1.Cl.Cl,0
Cc1ccc(-c2nc(C[C@H](NC(=O)OC(C)(C)C)C(=O)N[C@@H](Cc3c[nH]c4ccccc34)C(=O)N[C@@H](CCCNC(=N)N)C(=O)NCc3ccccc3)c[nH]2)cc1,0
COc1cccc(C2=NN(C)c3c(c4nc5ccccc5nc4c4ccccc34)C2c2cccc(OC)c2)c1,0
CCCCc1ccc(-c2nc(C[C@H](N)C(=O)N[C@@H](Cc3c[nH]c4ccccc34)C(=O)N[C@@H](CCCNC(=N)N)C(=O)NCc3ccccc3)c[nH]2)cc1.Cl.Cl,0
CCCCc1ccc(-c2nc(C[C@H](N)C(=O)N[C@@H](Cc3c[nH]c4ccccc34)C(=O)N[C@@H](CCCNC(=N)N)C(=O)OC)c[nH]2)cc1.Cl.Cl,0
CN1N=C(c2cccc(Br)c2)C(c2cccc(Br)c2)c2c1c1ccccc1c1nc3ccccc3nc21,0
CN1N=C(c2ccc3ccccc3c2)C(c2ccc3ccccc3c2)c2c1c1ccccc1c1nc3ccccc3nc21,0
CC(C)(C)OC(=O)N[C@@H](Cc1c[nH]c(-c2ccc(-c3ccccc3)cc2)n1)C(=O)N[C@@H](Cc1c[nH]c2ccccc12)C(=O)N[C@@H](CCCNC(=N)N)C(=O)NCc1ccccc1,0
CCc1ccc(-c2nc(C[C@H](NC(=O)OC(C)(C)C)C(=O)N[C@@H](Cc3c[nH]c4ccccc34)C(=O)N[C@@H](CCCNC(=N)N)C(=O)NCc3ccccc3)c[nH]2)cc1,0
CCCCc1ccc(-c2nc(C[C@H](NC(=O)OC(C)(C)C)C(=O)N[C@@H](Cc3c[nH]c4ccccc34)C(=O)N[C@@H](CCCNC(=N)N)C(=O)OC)c[nH]2)cc1,0
COC(=O)[C@H](CCCNC(=N)N)NC(=O)[C@H](Cc1c[nH]c2ccccc12)NC(=O)[C@H](Cc1c[nH]c(-c2ccc(-c3ccccc3)cc2)n1)NC(=O)OC(C)(C)C,0
CN1N=C(c2ccc(S(C)(=O)=O)cc2)C(c2ccc(S(C)(=O)=O)cc2)c2c1c1ccccc1c1nc3ccccc3nc21,0
CN1N=C(c2ccc([N+](=O)O)cc2)C(c2ccc([N+](=O)[O-])cc2)c2c1c1ccccc1c1nc3ccccc3nc21,0
Cl.Cl.N=C(N)NCCC[C@H](NC(=O)[C@H](Cc1c[nH]c2ccccc12)NC(=O)[C@@H](N)Cc1c[nH]c(-c2ccc(-c3ccccc3)cc2)n1)C(=O)NCc1ccccc1,0
CN1N=C(c2ccc(Cl)cc2)C(c2ccc(Cl)cc2)c2c1c1ccccc1c1nc3ccccc3nc21,0
CN1N=C(c2ccc(Br)cc2)C(c2ccc(Br)cc2)c2c1c1ccccc1c1nc3ccccc3nc21,0
COC(=O)[C@H](CCCNC(=N)N)NC(=O)[C@H](Cc1c[nH]c2ccccc12)NC(=O)[C@@H](N)Cc1c[nH]c(-c2ccc(-c3ccccc3)cc2)n1.Cl.Cl,0
COc1ccc(C2=NN(C)c3c(c4nc5ccccc5nc4c4ccccc34)C2c2ccc(OC)cc2)cc1,0
CCc1ccc(-c2nc(C[C@H](N)C(=O)N[C@@H](Cc3c[nH]c4ccccc34)C(=O)N[C@@H](CCCNC(=N)N)C(=O)OC)c[nH]2)cc1.Cl.Cl,0
CN1N=C(c2ccccc2)C(c2ccccc2)c2c1c1ccccc1c1nc3ccccc3nc21,0
CCCCc1ccc(-c2nc(C[C@H](NC(=O)OC(C)(C)C)C(=O)N[C@@H](Cc3c[nH]c4ccccc34)C(=O)N[C@@H](CCCNC(=N)N)C(=O)NCc3ccccc3)c[nH]2)cc1,0
Cc1cccc(OCc2cn(CCn3c([N+](=O)[O-])cnc3C)nn2)c1,1
Cc1ncc([N+](=O)[O-])n1CCn1cc(C2(O)CCCCC2)nn1,1
Cc1ccccc1OCc1cn(CCn2c([N+](=O)[O-])cnc2C)nn1,0
Cc1ncc([N+](=O)[O-])n1CCn1cc(COc2ccccc2C=O)nn1,0
Cc1ncc([N+](=O)[O-])n1CCn1cc(-c2ccccn2)nn1,1
Cc1ncc([N+](=O)[O-])n1CCn1cc(CBr)nn1,0
CC[C@H]1OC(=O)[C@H](C)[C@@H](O[C@H]2C[C@@](C)(OC)[C@@H](O)[C@H](C)O2)[C@H](C)[C@@H](O[C@@H]2O[C@H](C)C[C@H](N(C)C)[C@H]2O)[C@](C)(O)C[C@@H](C)C(=O)[C@H](C)[C@@H](O)[C@]1(C)O,1
CCCCCCNC(=O)NCCCc1c[nH]c(N)n1.Cl,0
CCCCCCS(=O)(=O)NCCCc1c[nH]c(N)n1.Cl,0
Cc1cc(C)cc(S(=O)(=O)NCCCc2c[nH]c(N)n2)c1.Cl,0
Cl.Nc1nc(CCCNS(=O)(=O)c2ccc3ccccc3c2)c[nH]1,0
Cc1ccc(F)cc1NC(=O)NCCCc1c[nH]c(N)n1.Cl,0
Cl.Nc1nc(CCCNS(=O)(=O)c2ccc(C(F)(F)F)cc2)c[nH]1,0
Cl.Nc1nc(CCCNS(=O)(=O)c2ccc(Br)cc2)c[nH]1,0
CCOc1ccc(NC(=O)NCCCc2c[nH]c(N)n2)cc1.Cl,0
Cl.Nc1nc(CCCNC(=S)Nc2ccccc2)c[nH]1,0
Cl.Nc1nc(CCCNC(=S)NC2CCCCC2)c[nH]1,0
Cl.Nc1nc(CCCNC(=O)Nc2ccc(F)c(Cl)c2)c[nH]1,0
O=C(O)[C@@H]1CSC(c2cc(Cl)ccc2O)N1,0
CC(C)(C)OC(=O)N1C(c2cc(Cl)ccc2O)SC[C@H]1C(=O)O,1
CC(C)c1nc(C[C@H](NC(=O)OC(C)(C)C)C(=O)N[C@@H](CCCNC(=N)N)C(=O)NCc2ccccc2)c[nH]1,0
CC(C)(C)OC(=O)N[C@@H](Cc1c[nH]c(C23CC4CC(CC(C4)C2)C3)n1)C(=O)N[C@@H](CCCNC(=N)N)C(=O)NCc1ccccc1,0
CC(C)(C)OC(=O)N1C(c2ccc(O)cc2)SC[C@H]1C(=O)O,1
CC(C)(C)OC(=O)N1C(c2cc(Br)ccc2O)SC[C@H]1C(=O)O,1
CC(C)(C)OC(=O)N1C(c2cc(C(C)(C)C)c(O)c(C(C)(C)C)c2)SC[C@H]1C(=O)O,1
O=C(O)[C@@H]1CSC(c2ccc(Br)cc2)N1,0
O=C(O)[C@@H]1CSC(c2cc(Br)ccc2O)N1,0
COc1ccc(C2SC[C@@H](C(=O)O)N2C(=O)OC(C)(C)C)cc1,1
O=C(O)[C@@H]1CSC(c2cc(F)ccc2O)N1,1
CC(C)c1nc(C[C@H](N)C(=O)N[C@@H](CCCNC(=N)N)C(=O)NCc2ccccc2)c[nH]1,0
COC(=O)[C@H](CCCNC(=N)N)NC(=O)[C@@H](N)Cc1c[nH]c(C23CC4CC(CC(C4)C2)C3)n1,0
COc1cccc(OC)c1C(=O)N[C@@H]1C(=O)N2[C@@H](C(=O)O)C(C)(C)S[C@H]12,1
CC(C)(C)OC(=O)N1C(c2ccc(Br)cc2)SC[C@H]1C(=O)O,1
COC(=O)[C@H](CCCNC(=N)N)NC(=O)[C@H](Cc1c[nH]c(C2CCCCC2)n1)NC(=O)OC(C)(C)C,0
CC(C)(C)OC(=O)N1C(c2cc(F)ccc2O)SC[C@H]1C(=O)O,1
CC(C)(C)OC(=O)N[C@@H](Cc1c[nH]c2ccccc12)C(=O)N[C@@H](Cc1c[nH]cn1)C(=O)NCc1ccccc1,0
COC(=O)[C@H](CCCNC(=N)N)NC(=O)[C@H](Cc1c[nH]c(C23CC4CC(CC(C4)C2)C3)n1)NC(=O)OC(C)(C)C,0
CC(C)(C)c1cc(C2N[C@H](C(=O)O)CS2)cc(C(C)(C)C)c1O,0
CC(C)(C)OC(=O)N1C(c2ccccc2)SC[C@H]1C(=O)O,1
COc1ccc(C2N[C@H](C(=O)O)CS2)cc1,0
CC(C)(C)OC(=O)N1C(c2cc(Br)cc(Br)c2O)SC[C@H]1C(=O)O,1
O=C(O)[C@@H]1CSC(c2ccc(O)cc2)N1,0
O=C(O)[C@@H]1CSC(c2cc(Br)cc(Br)c2O)N1,0
C[C@@H]1CC[C@H]2[C@@H](C)[C@@H](OC[C@@H]3O[C@@H]3CO[C@H]3O[C@@H]4O[C@@]5(C)CC[C@H]6[C@H](C)CC[C@@H]([C@H]3C)[C@]64OO5)O[C@@H]3O[C@@]4(C)CC[C@@H]1[C@@]23OO4,0
C[C@]1(/C=C/C#N)[C@H](C(=O)[O-])N2C(=O)C[C@H]2S1(=O)=O.[Na+],1
Cc1c(O)c(=O)ccn1C,0
CCCCCCCCC(=O)c1c(O)cc(CCCCCCCC)oc1=O,0
CCCCCC(=O)c1c(O)cc(CCCCC)oc1=O,0
O=C(O)c1cn(C2CC2)c2cc(N3CCNCC3)c(F)cc2c1=O,1
O=c1cc(-c2ccccc2)oc2cc(O)c(O)c(O)c12,0
CCn1cc(C(=O)O)c(=O)c2cc(F)c(N3CCNCC3)cc21,1
O=c1c2ccccc2sn1Cc1ccccc1,0
